"first_seen_utc","dst_ip","dst_port","c2_status","last_online","malware"
"2021-01-17 07:30:05","67.213.75.205","443","online","2021-03-24","Dridex"
"2021-01-17 07:44:46","192.73.238.101","443","online","2021-03-24","Dridex"
"2021-01-17 07:44:46","51.178.161.32","4643","online","2021-03-24","Dridex"
"2021-01-17 07:44:46","194.58.98.196","3389","online","2021-03-24","Dridex"
"2021-01-17 07:44:47","142.4.6.57","14043","online","2021-03-24","Dridex"
"2021-01-17 07:44:47","64.225.35.35","3098","online","2021-03-24","Dridex"
"2021-01-17 07:44:47","195.159.28.230","4443","online","2021-03-24","Dridex"
"2021-01-17 07:44:47","103.110.53.174","449","online","2021-03-24","Dridex"
"2021-01-17 07:44:49","93.186.200.154","3889","online","2021-03-24","Dridex"
"2021-01-17 07:44:50","162.144.127.197","3786","online","2021-03-24","Dridex"
"2021-01-17 07:44:57","103.61.101.11","449","online","2021-03-24","Dridex"
"2021-01-17 07:45:29","5.9.178.143","443","online","2021-03-24","Dridex"
"2021-01-17 07:45:29","37.139.2.140","3889","online","2021-03-24","Dridex"
"2021-01-17 07:45:31","49.212.179.180","3889","online","2021-03-24","Dridex"
"2021-01-17 07:45:37","23.160.192.125","447","online","2021-03-24","Dridex"
"2021-01-17 07:45:41","195.231.69.151","3889","online","2021-03-24","Dridex"
"2021-01-17 07:45:41","221.126.244.72","443","online","2021-03-24","Dridex"
"2021-01-17 07:45:41","157.7.166.26","5353","online","2021-03-24","Dridex"
"2021-01-17 07:45:41","212.129.24.83","3889","online","2021-03-24","Dridex"
"2021-01-17 07:45:42","208.71.173.207","3098","online","2021-03-24","Dridex"
"2021-01-17 07:45:42","80.86.91.27","3308","online","2021-03-24","Dridex"
"2021-01-17 07:45:43","5.100.228.233","3389","online","2021-03-24","Dridex"
"2021-01-17 07:45:43","77.220.64.37","443","online","2021-03-24","Dridex"
"2021-01-17 07:45:43","46.105.131.65","1512","online","2021-03-24","Dridex"
"2021-01-17 07:45:45","69.64.62.4","4443","online","2021-03-24","Dridex"
"2021-01-17 07:45:46","162.241.44.26","9443","online","2021-03-24","Dridex"
"2021-01-17 07:45:55","111.230.104.169","3388","online","2021-03-24","Dridex"
"2021-01-17 07:45:58","217.79.184.243","33443","online","2021-03-24","Dridex"
"2021-01-17 07:46:24","194.150.118.7","443","online","2021-03-24","Dridex"
"2021-01-17 07:46:38","199.66.90.63","443","online","2021-03-24","Dridex"
"2021-01-17 07:46:39","81.169.224.222","3389","online","2021-03-24","Dridex"
"2021-01-17 07:46:40","62.75.168.106","3886","online","2021-03-24","Dridex"
"2021-01-17 07:46:40","82.165.152.127","3389","online","2021-03-24","Dridex"
"2021-01-17 07:46:41","178.254.40.132","691","online","2021-03-24","Dridex"
"2021-01-17 07:47:11","216.172.165.70","3889","online","2021-03-24","Dridex"
"2021-01-17 07:47:25","85.207.13.169","443","online","2021-03-24","Dridex"
"2021-01-17 07:47:58","104.131.164.93","443","online","2021-03-24","Dridex"
"2021-01-17 07:47:59","46.101.90.205","4643","online","2021-03-24","Dridex"
"2021-01-17 07:48:15","123.206.58.135","8172","online","2021-03-24","Dridex"
"2021-01-17 07:49:10","94.126.8.2","443","online","2021-03-24","Dridex"
"2021-01-17 07:49:21","77.220.64.39","443","online","2021-03-24","Dridex"
"2021-01-17 07:49:22","78.47.139.43","4443","online","2021-03-24","Dridex"
"2021-01-17 07:49:33","89.174.36.41","4643","online","2021-03-24","Dridex"
"2021-01-17 07:49:33","169.255.216.36","443","online","2021-03-24","Dridex"
"2021-01-17 07:49:33","193.90.12.122","3098","online","2021-03-24","Dridex"
"2021-01-17 07:49:46","103.40.116.68","5443","online","2021-03-24","Dridex"
"2021-01-17 07:49:52","67.79.105.174","3786","online","2021-03-24","Dridex"
"2021-01-17 07:49:53","45.79.226.106","3098","online","2021-03-24","Dridex"
"2021-01-17 07:49:55","2.58.16.89","8443","online","2021-03-24","Dridex"
"2021-01-17 07:49:57","27.254.174.93","33443","online","2021-03-24","Dridex"
"2021-01-17 07:49:57","178.254.22.25","33443","online","2021-03-24","Dridex"
"2021-01-17 07:49:58","45.56.127.75","49160","online","2021-03-24","Dridex"
"2021-01-17 07:50:03","103.41.110.115","33443","online","2021-03-24","Dridex"
"2021-01-17 07:50:03","209.59.199.129","4443","online","2021-03-24","Dridex"
"2021-01-17 07:50:16","54.38.143.246","691","online","2021-03-24","Dridex"
"2021-01-17 07:50:19","153.122.13.133","1443","online","2021-03-24","Dridex"
"2021-01-17 07:50:24","142.93.181.37","981","online","2021-03-24","Dridex"
"2021-01-17 07:50:26","92.38.128.47","3389","online","2021-03-24","Dridex"
"2021-01-17 07:50:28","188.165.17.91","8443","online","2021-03-24","Dridex"
"2021-01-17 07:50:34","188.40.34.210","4643","online","2021-03-24","Dridex"
"2021-01-17 07:50:39","195.159.28.229","981","online","2021-03-24","Dridex"
"2021-01-17 07:50:40","178.62.23.64","4664","online","2021-03-24","Dridex"
"2021-01-17 07:50:41","167.99.158.82","33443","online","2021-03-24","Dridex"
"2021-01-17 07:50:42","103.244.206.74","33443","online","2021-03-24","Dridex"
"2021-01-17 07:50:43","193.90.12.121","3098","online","2021-03-24","Dridex"
"2021-01-17 07:50:44","162.241.204.233","4443","online","2021-03-24","Dridex"
"2021-01-17 07:50:45","138.122.143.40","8043","online","2021-03-24","Dridex"
"2021-01-17 07:50:45","198.57.200.100","3786","online","2021-03-24","Dridex"
"2021-01-17 07:50:46","175.126.167.148","443","online","2021-03-24","Dridex"
"2021-01-17 07:50:46","85.25.109.116","3889","online","2021-03-24","Dridex"
"2021-01-17 07:50:46","185.59.223.86","443","online","2021-03-24","Dridex"
"2021-01-17 07:50:47","87.106.89.36","3389","online","2021-03-24","Dridex"
"2021-01-17 07:50:48","51.15.176.55","3389","online","2021-03-24","Dridex"
"2021-01-17 07:50:48","27.254.174.84","4443","online","2021-03-24","Dridex"
"2021-01-17 07:50:48","172.86.186.22","3889","online","2021-03-24","Dridex"
"2021-01-17 07:50:49","62.138.14.216","3074","online","2021-03-24","Dridex"
"2021-01-17 07:50:49","46.4.83.131","3389","online","2021-03-24","Dridex"
"2021-01-17 07:50:50","213.202.229.72","3074","online","2021-03-24","Dridex"
"2021-01-17 07:50:57","52.73.70.149","443","online","2021-03-24","Dridex"
"2021-01-17 07:50:58","8.4.9.152","3786","online","2021-03-24","Dridex"
"2021-01-17 07:50:59","185.246.87.202","3098","online","2021-03-24","Dridex"
"2021-01-17 08:50:18","69.16.193.166","9443","online","2021-03-24","Dridex"
"2021-01-18 06:46:17","217.160.78.166","4664","online","2021-03-24","Dridex"
"2021-01-18 06:47:39","45.77.154.161","1688","online","2021-03-24","Dridex"
"2021-01-18 06:49:38","69.164.207.140","3388","online","2021-03-24","Dridex"
"2021-01-18 06:51:05","46.105.131.78","14431","online","2021-03-24","Dridex"
"2021-01-18 09:16:38","36.89.191.119","449","online","2021-03-24","TrickBot"
"2021-01-18 09:16:52","103.61.101.11","447","online","2021-03-24","TrickBot"
"2021-01-18 09:17:01","23.160.192.125","447","online","2021-03-24","TrickBot"
"2021-01-18 09:17:44","107.172.188.113","443","online","2021-03-24","TrickBot"
"2021-01-18 09:17:45","5.202.150.151","447","online","2021-03-24","TrickBot"
"2021-01-18 09:17:45","103.150.68.124","449","online","2021-03-24","TrickBot"
"2021-01-18 09:17:54","185.109.54.99","447","online","2021-03-24","TrickBot"
"2021-01-18 09:18:27","190.151.130.12","447","online","2021-03-24","TrickBot"
"2021-01-18 09:18:52","36.94.167.167","447","online","2021-03-24","TrickBot"
"2021-01-18 09:21:08","103.61.101.11","449","online","2021-03-24","TrickBot"
"2021-01-18 09:21:21","45.230.244.20","443","online","2021-03-24","TrickBot"
"2021-01-18 09:21:29","58.97.211.3","447","online","2021-03-24","TrickBot"
"2021-01-18 09:21:31","186.250.157.116","443","online","2021-03-24","TrickBot"
"2021-01-18 09:21:32","190.214.12.202","447","online","2021-03-24","TrickBot"
"2021-01-18 09:22:03","23.160.193.106","443","online","2021-03-24","TrickBot"
"2021-01-18 09:22:48","200.52.147.93","443","online","2021-03-24","TrickBot"
"2021-01-18 09:23:52","45.226.124.226","443","online","2021-03-24","TrickBot"
"2021-01-18 09:23:56","187.189.99.216","447","online","2021-03-24","TrickBot"
"2021-01-18 09:25:29","45.148.120.173","443","online","2021-03-24","TrickBot"
"2021-01-18 09:27:35","45.234.212.234","447","online","2021-03-24","TrickBot"
"2021-01-18 09:27:36","36.94.113.249","447","online","2021-03-24","TrickBot"
"2021-01-18 09:27:38","185.118.15.137","447","online","2021-03-24","TrickBot"
"2021-01-18 09:28:14","212.126.125.10","447","online","2021-03-24","TrickBot"
"2021-01-18 09:29:42","36.89.193.181","447","online","2021-03-24","TrickBot"
"2021-01-18 09:29:52","222.124.7.150","447","online","2021-03-24","TrickBot"
"2021-01-18 09:29:59","36.94.62.207","443","online","2021-03-24","TrickBot"
"2021-01-18 09:31:19","45.155.173.196","443","online","2021-03-24","TrickBot"
"2021-01-18 09:36:20","107.172.29.108","443","online","2021-03-24","TrickBot"
"2021-01-18 09:36:52","103.69.216.154","447","online","2021-03-24","TrickBot"
"2021-01-18 09:38:19","43.245.216.238","447","online","2021-03-24","TrickBot"
"2021-01-18 09:41:03","5.182.210.24","443","online","2021-03-24","TrickBot"
"2021-01-18 09:42:23","186.137.85.76","443","online","2021-03-24","TrickBot"
"2021-01-18 09:51:49","182.253.107.34","443","online","2021-03-24","TrickBot"
"2021-01-18 09:57:01","103.91.244.50","443","online","2021-03-24","TrickBot"
"2021-01-19 13:01:35","177.221.108.198","449","online","2021-03-24","TrickBot"
"2021-01-19 13:55:02","104.161.32.108","443","online","2021-03-24","TrickBot"
"2021-01-20 07:36:41","50.116.111.64","5353","online","2021-03-24","Dridex"
"2021-01-20 07:36:42","185.184.25.234","4664","online","2021-03-24","Dridex"
"2021-01-20 12:14:25","194.225.58.214","443","online","2021-03-24","Dridex"
"2021-01-20 12:14:25","211.110.44.63","5353","online","2021-03-24","Dridex"
"2021-01-20 19:12:21","85.204.116.83","443","online","2021-03-24","TrickBot"
"2021-01-20 19:12:22","83.151.14.13","443","online","2021-03-24","TrickBot"
"2021-01-20 21:00:15","77.220.64.40","443","online","2021-03-24","Dridex"
"2021-01-21 09:52:40","12.175.220.98","80","online","2021-03-24","Emotet"
"2021-01-21 09:57:47","24.178.90.49","80","online","2021-03-24","Emotet"
"2021-01-21 09:57:48","75.127.14.170","8080","online","2021-03-24","Emotet"
"2021-01-21 09:57:49","175.103.38.146","80","online","2021-03-24","Emotet"
"2021-01-21 09:58:17","69.49.88.46","80","online","2021-03-24","Emotet"
"2021-01-21 09:58:18","167.114.153.111","8080","online","2021-03-24","Emotet"
"2021-01-21 09:58:18","194.190.67.75","80","online","2021-03-24","Emotet"
"2021-01-21 09:58:18","61.19.246.238","443","online","2021-03-24","Emotet"
"2021-01-21 09:58:19","95.9.5.93","80","online","2021-03-24","Emotet"
"2021-01-21 09:58:20","200.116.145.225","443","online","2021-03-24","Emotet"
"2021-01-21 09:58:21","115.94.207.99","443","online","2021-03-24","Emotet"
"2021-01-21 09:58:22","81.214.253.80","443","online","2021-03-24","Emotet"
"2021-01-21 09:58:24","220.245.198.194","80","online","2021-03-24","Emotet"
"2021-01-21 09:58:25","120.150.60.189","80","online","2021-03-24","Emotet"
"2021-01-21 09:58:26","110.142.236.207","80","online","2021-03-24","Emotet"
"2021-01-21 09:58:47","12.163.208.58","80","online","2021-03-24","Emotet"
"2021-01-21 09:58:47","81.215.230.173","443","online","2021-03-24","Emotet"
"2021-01-21 09:58:49","60.93.23.51","80","online","2021-03-24","Emotet"
"2021-01-21 09:58:50","78.90.78.210","80","online","2021-03-24","Emotet"
"2021-01-21 09:58:50","177.23.7.151","80","online","2021-03-24","Emotet"
"2021-01-21 09:58:50","161.49.84.2","80","online","2021-03-24","Emotet"
"2021-01-21 09:58:50","85.105.111.166","80","online","2021-03-24","Emotet"
"2021-01-21 09:58:51","65.32.168.171","80","online","2021-03-24","Emotet"
"2021-01-21 09:58:52","64.207.182.168","8080","online","2021-03-24","Emotet"
"2021-01-21 09:59:08","120.150.218.241","443","online","2021-03-24","Emotet"
"2021-01-21 09:59:18","172.125.40.123","80","online","2021-03-24","Emotet"
"2021-01-21 09:59:18","45.16.226.117","443","online","2021-03-24","Emotet"
"2021-01-21 09:59:18","110.37.224.243","80","online","2021-03-24","Emotet"
"2021-01-21 09:59:18","103.93.220.182","80","online","2021-03-24","Emotet"
"2021-01-21 09:59:19","91.75.75.46","80","online","2021-03-24","Emotet"
"2021-01-21 09:59:19","185.201.9.197","8080","online","2021-03-24","Emotet"
"2021-01-21 09:59:19","163.53.204.180","443","online","2021-03-24","Emotet"
"2021-01-21 09:59:19","203.157.152.9","7080","online","2021-03-24","Emotet"
"2021-01-21 09:59:19","185.208.226.142","8080","online","2021-03-24","Emotet"
"2021-01-21 09:59:19","190.85.46.52","7080","online","2021-03-24","Emotet"
"2021-01-21 09:59:20","188.165.214.98","8080","online","2021-03-24","Emotet"
"2021-01-21 09:59:20","50.116.111.59","8080","online","2021-03-24","Emotet"
"2021-01-21 09:59:21","190.103.228.24","80","online","2021-03-24","Emotet"
"2021-01-21 09:59:22","80.15.100.37","80","online","2021-03-24","Emotet"
"2021-01-21 09:59:22","117.2.139.117","443","online","2021-03-24","Emotet"
"2021-01-21 09:59:22","152.170.79.100","80","online","2021-03-24","Emotet"
"2021-01-21 09:59:22","211.215.18.93","8080","online","2021-03-24","Emotet"
"2021-01-21 09:59:25","187.162.248.237","80","online","2021-03-24","Emotet"
"2021-01-21 09:59:25","110.39.160.38","443","online","2021-03-24","Emotet"
"2021-01-21 09:59:39","213.52.74.198","80","online","2021-03-24","Emotet"
"2021-01-21 09:59:48","37.187.72.193","8080","online","2021-03-24","Emotet"
"2021-01-21 09:59:50","24.179.13.119","80","online","2021-03-24","Emotet"
"2021-01-21 09:59:52","121.124.124.40","7080","online","2021-03-24","Emotet"
"2021-01-21 09:59:53","12.162.84.2","8080","online","2021-03-24","Emotet"
"2021-01-21 09:59:53","206.189.232.2","8080","online","2021-03-24","Emotet"
"2021-01-21 09:59:53","51.89.36.180","443","online","2021-03-24","Emotet"
"2021-01-21 09:59:55","132.248.38.158","80","online","2021-03-24","Emotet"
"2021-01-21 09:59:56","75.177.207.146","80","online","2021-03-24","Emotet"
"2021-01-21 09:59:57","74.40.205.197","443","online","2021-03-24","Emotet"
"2021-01-21 10:00:11","62.84.75.50","80","online","2021-03-24","Emotet"
"2021-01-21 10:00:17","46.105.114.137","8080","online","2021-03-24","Emotet"
"2021-01-21 10:00:23","109.99.146.210","8080","online","2021-03-24","Emotet"
"2021-01-21 10:00:28","104.236.52.89","8080","online","2021-03-24","Emotet"
"2021-01-21 10:00:55","223.17.215.76","80","online","2021-03-24","Emotet"
"2021-01-21 10:00:56","180.148.4.130","8080","online","2021-03-24","Emotet"
"2021-01-21 10:01:24","50.116.78.109","8080","online","2021-03-24","Emotet"
"2021-01-21 10:01:56","115.21.224.117","80","online","2021-03-24","Emotet"
"2021-01-21 10:02:17","202.79.24.136","443","online","2021-03-24","Emotet"
"2021-01-21 10:02:21","181.30.61.163","443","online","2021-03-24","Emotet"
"2021-01-21 10:02:39","110.172.180.180","8080","online","2021-03-24","Emotet"
"2021-01-21 10:02:58","70.92.118.112","80","online","2021-03-24","Emotet"
"2021-01-21 10:02:58","59.21.235.119","80","online","2021-03-24","Emotet"
"2021-01-21 10:09:00","195.159.28.244","8080","online","2021-03-24","Emotet"
"2021-01-21 10:09:26","152.231.89.226","80","online","2021-03-24","Emotet"
"2021-01-21 10:09:30","110.39.162.2","443","online","2021-03-24","Emotet"
"2021-01-21 10:09:31","93.146.143.191","80","online","2021-03-24","Emotet"
"2021-01-21 10:09:32","172.245.248.239","8080","online","2021-03-24","Emotet"
"2021-01-21 10:09:51","80.249.176.206","80","online","2021-03-24","Emotet"
"2021-01-21 10:09:54","110.145.11.73","80","online","2021-03-24","Emotet"
"2021-01-21 10:10:26","191.223.36.170","80","online","2021-03-24","Emotet"
"2021-01-21 10:10:31","82.145.43.153","8080","online","2021-03-24","Emotet"
"2021-01-21 10:10:43","24.230.124.78","80","online","2021-03-24","Emotet"
"2021-01-21 10:10:44","110.145.101.66","443","online","2021-03-24","Emotet"
"2021-01-21 10:10:54","75.109.111.18","80","online","2021-03-24","Emotet"
"2021-01-21 10:10:57","175.207.12.52","8080","online","2021-03-24","Emotet"
"2021-01-21 10:11:58","109.116.245.80","80","online","2021-03-24","Emotet"
"2021-01-21 10:12:29","45.230.228.26","443","online","2021-03-24","Emotet"
"2021-01-21 10:12:39","143.0.85.206","7080","online","2021-03-24","Emotet"
"2021-01-21 10:12:40","190.210.246.253","80","online","2021-03-24","Emotet"
"2021-01-21 10:19:36","47.144.21.37","80","online","2021-03-24","Emotet"
"2021-01-21 10:19:38","181.165.68.127","80","online","2021-03-24","Emotet"
"2021-01-21 10:20:10","24.164.79.147","8080","online","2021-03-24","Emotet"
"2021-01-21 10:26:27","139.5.101.203","80","online","2021-03-24","Emotet"
"2021-01-21 10:38:35","190.162.232.138","80","online","2021-03-24","Emotet"
"2021-01-21 10:39:55","93.149.120.214","80","online","2021-03-24","Emotet"
"2021-01-21 10:40:08","217.160.19.232","8080","online","2021-03-24","Emotet"
"2021-01-21 10:57:56","31.27.59.105","80","online","2021-03-24","Emotet"
"2021-01-21 11:15:37","152.169.22.67","80","online","2021-03-24","Emotet"
"2021-01-21 11:16:06","2.82.75.215","80","online","2021-03-24","Emotet"
"2021-01-21 11:16:44","197.211.245.21","80","online","2021-03-24","Emotet"
"2021-01-21 11:17:09","118.83.154.64","443","online","2021-03-24","Emotet"
"2021-01-21 11:17:45","201.185.69.28","443","online","2021-03-24","Emotet"
"2021-01-21 11:27:36","177.85.167.10","80","online","2021-03-24","Emotet"
"2021-01-21 12:32:22","190.251.200.206","80","online","2021-03-24","Emotet"
"2021-01-21 12:34:44","51.38.71.84","443","online","2021-03-24","Emotet"
"2021-01-21 12:58:18","201.163.74.204","80","online","2021-03-24","Emotet"
"2021-01-21 13:26:31","82.208.146.142","7080","online","2021-03-24","Emotet"
"2021-01-21 13:53:36","89.106.251.163","80","online","2021-03-24","Emotet"
"2021-01-21 13:53:37","78.189.148.42","80","online","2021-03-24","Emotet"
"2021-01-21 14:15:14","167.99.105.11","8080","online","2021-03-24","Emotet"
"2021-01-21 14:47:43","190.19.169.69","443","online","2021-03-24","Emotet"
"2021-01-21 14:47:44","70.183.211.3","80","online","2021-03-24","Emotet"
"2021-01-21 14:47:50","180.222.161.85","80","online","2021-03-24","Emotet"
"2021-01-21 14:47:50","75.113.193.72","80","online","2021-03-24","Emotet"
"2021-01-21 14:47:53","91.233.197.70","80","online","2021-03-24","Emotet"
"2021-01-21 14:47:53","78.182.254.231","80","online","2021-03-24","Emotet"
"2021-01-21 14:47:53","201.212.61.66","80","online","2021-03-24","Emotet"
"2021-01-21 16:30:26","200.75.39.254","80","online","2021-03-24","Emotet"
"2021-01-21 16:30:56","191.241.233.198","80","online","2021-03-24","Emotet"
"2021-01-21 16:31:38","105.209.235.113","8080","online","2021-03-24","Emotet"
"2021-01-21 16:32:08","190.251.216.100","80","online","2021-03-24","Emotet"
"2021-01-21 16:32:13","190.45.24.210","80","online","2021-03-24","Emotet"
"2021-01-21 16:40:02","82.48.39.246","80","online","2021-03-24","Emotet"
"2021-01-21 16:40:35","190.64.88.186","443","online","2021-03-24","Emotet"
"2021-01-21 16:49:03","187.161.206.24","80","online","2021-03-24","Emotet"
"2021-01-21 17:26:28","186.96.170.61","80","online","2021-03-24","Emotet"
"2021-01-21 18:16:30","93.146.48.84","80","online","2021-03-24","Emotet"
"2021-01-21 18:41:02","161.0.153.60","80","online","2021-03-24","Emotet"
"2021-01-22 07:16:26","120.51.34.254","80","online","2021-03-24","Emotet"
"2021-01-22 07:18:03","203.160.167.243","80","online","2021-03-24","Emotet"
"2021-01-22 07:18:41","185.183.16.47","80","online","2021-03-24","Emotet"
"2021-01-22 07:19:01","78.188.225.105","80","online","2021-03-24","Emotet"
"2021-01-22 07:27:08","27.78.27.110","443","online","2021-03-24","Emotet"
"2021-01-22 07:30:27","152.32.75.74","443","online","2021-03-24","Emotet"
"2021-01-22 07:31:26","82.78.179.117","443","online","2021-03-24","Emotet"
"2021-01-22 07:32:53","115.79.195.246","80","online","2021-03-24","Emotet"
"2021-01-22 07:36:58","49.206.16.156","80","online","2021-03-24","Emotet"
"2021-01-22 07:55:49","122.116.104.238","8443","online","2021-03-24","Emotet"
"2021-01-22 10:09:15","109.101.137.162","8080","online","2021-03-24","Emotet"
"2021-01-22 10:38:04","190.55.186.229","80","online","2021-03-24","Emotet"
"2021-01-22 10:49:48","209.33.120.130","80","online","2021-03-24","Emotet"
"2021-01-22 10:49:48","217.160.169.110","8080","online","2021-03-24","Emotet"
"2021-01-22 10:49:48","51.255.203.164","8080","online","2021-03-24","Emotet"
"2021-01-22 10:49:48","84.232.229.24","80","online","2021-03-24","Emotet"
"2021-01-22 10:49:48","201.48.121.65","443","online","2021-03-24","Emotet"
"2021-01-22 10:49:49","85.105.239.184","443","online","2021-03-24","Emotet"
"2021-01-22 10:59:41","108.53.88.101","443","online","2021-03-24","Emotet"
"2021-01-22 10:59:42","79.130.130.240","8080","online","2021-03-24","Emotet"
"2021-01-22 11:09:43","195.159.28.230","8080","online","2021-03-24","Emotet"
"2021-01-22 11:45:48","98.109.133.80","80","online","2021-03-24","Emotet"
"2021-01-22 11:45:55","181.10.46.92","80","online","2021-03-24","Emotet"
"2021-01-22 12:05:38","71.72.196.159","80","online","2021-03-24","Emotet"
"2021-01-22 12:08:15","24.69.65.8","8080","online","2021-03-24","Emotet"
"2021-01-22 12:48:18","95.76.153.115","80","online","2021-03-24","Emotet"
"2021-01-22 12:59:16","197.232.36.108","80","online","2021-03-24","Emotet"
"2021-01-22 13:09:11","190.18.184.113","80","online","2021-03-24","Emotet"
"2021-01-22 16:19:51","69.38.130.14","80","online","2021-03-24","Emotet"
"2021-01-22 19:58:12","172.193.14.201","80","online","2021-03-24","Emotet"
"2021-01-23 07:12:17","88.58.209.2","80","online","2021-03-24","Emotet"
"2021-01-23 13:52:13","186.146.229.172","80","online","2021-03-24","Emotet"
"2021-01-23 15:01:01","188.135.15.49","80","online","2021-03-24","Emotet"
"2021-01-23 20:57:10","50.91.114.38","80","online","2021-03-24","Emotet"
"2021-01-24 01:57:15","181.171.209.241","443","online","2021-03-24","Emotet"
"2021-01-24 02:47:23","85.105.205.77","8080","online","2021-03-24","Emotet"
"2021-01-24 03:27:13","123.176.25.234","80","online","2021-03-24","Emotet"
"2021-01-24 07:52:49","91.90.88.5","443","online","2021-03-24","Dridex"
"2021-01-25 00:38:18","122.116.104.238","8080","online","2021-03-24","Emotet"
"2021-01-25 04:51:40","78.206.229.130","80","online","2021-03-24","Emotet"
"2021-01-25 11:15:47","79.133.6.236","8080","online","2021-03-24","Emotet"
"2021-01-25 12:02:10","190.240.194.77","443","online","2021-03-24","Emotet"
"2021-01-25 14:02:57","154.127.113.242","80","online","2021-03-24","Emotet"
"2021-01-25 15:26:46","45.33.94.33","5037","online","2021-03-24","Dridex"
"2021-01-25 15:26:46","159.89.91.92","5037","online","2021-03-24","Dridex"
"2021-01-25 15:26:46","97.107.127.161","443","online","2021-03-24","Dridex"
"2021-01-25 15:26:47","158.69.118.130","1443","online","2021-03-24","Dridex"
"2021-01-26 03:22:41","142.44.247.57","4043","online","2021-03-24","Dridex"
"2021-01-26 03:22:41","77.220.64.140","443","online","2021-03-24","Dridex"
"2021-01-26 08:30:56","59.148.253.194","8080","online","2021-03-24","Emotet"
"2021-01-26 08:36:11","94.23.45.86","7080","online","2021-03-24","Emotet"
"2021-01-26 08:37:13","103.86.49.11","8080","online","2021-03-24","Emotet"
"2021-01-26 08:38:04","51.75.33.120","8080","online","2021-03-24","Emotet"
"2021-01-26 08:39:35","85.234.143.94","8080","online","2021-03-24","Emotet"
"2021-01-26 08:39:38","167.86.68.49","8080","online","2021-03-24","Emotet"
"2021-01-26 08:39:44","46.105.131.87","80","online","2021-03-24","Emotet"
"2021-01-26 08:40:08","162.243.125.212","8080","online","2021-03-24","Emotet"
"2021-01-26 08:51:41","104.131.44.150","8080","online","2021-03-24","Emotet"
"2021-01-26 08:52:43","104.131.123.136","443","online","2021-03-24","Emotet"
"2021-01-26 09:31:14","162.241.92.219","8080","online","2021-03-24","Emotet"
"2021-01-26 13:46:53","72.188.173.74","80","online","2021-03-24","Emotet"
"2021-01-26 17:53:18","200.111.198.76","80","online","2021-03-24","Emotet"
"2021-01-27 10:34:49","193.90.12.20","443","online","2021-03-24","Dridex"
"2021-01-27 10:34:49","185.181.9.76","5037","online","2021-03-24","Dridex"
"2021-01-27 10:34:53","175.207.13.56","5353","online","2021-03-24","Dridex"
"2021-01-27 11:00:43","212.129.24.84","5037","online","2021-03-24","Dridex"
"2021-02-01 11:50:57","77.220.64.131","443","online","2021-03-24","Dridex"
"2021-02-01 11:54:08","192.99.41.136","981","online","2021-03-24","Dridex"
"2021-02-01 11:54:08","5.196.204.251","5037","online","2021-03-24","Dridex"
"2021-02-01 11:54:08","24.229.3.146","4664","online","2021-03-24","Dridex"
"2021-02-01 11:56:19","97.107.127.227","443","online","2021-03-24","Dridex"
"2021-02-01 11:56:20","87.106.18.216","5037","online","2021-03-24","Dridex"
"2021-02-01 11:56:20","185.184.25.235","5037","online","2021-03-24","Dridex"
"2021-02-01 19:41:23","41.211.125.59","447","online","2021-03-24","TrickBot"
"2021-02-01 19:55:56","118.67.216.238","449","online","2021-03-24","TrickBot"
"2021-02-01 19:56:01","36.94.164.249","447","online","2021-03-24","TrickBot"
"2021-02-01 19:56:26","92.242.214.203","449","online","2021-03-24","TrickBot"
"2021-02-01 20:11:25","103.91.244.102","449","online","2021-03-24","TrickBot"
"2021-02-01 20:11:25","45.226.124.226","447","online","2021-03-24","TrickBot"
"2021-02-02 00:55:53","45.234.248.66","449","online","2021-03-24","TrickBot"
"2021-02-02 00:55:55","177.87.0.7","447","online","2021-03-24","TrickBot"
"2021-02-02 03:13:24","117.212.193.62","449","online","2021-03-24","TrickBot"
"2021-02-02 03:28:40","36.89.193.235","447","online","2021-03-24","TrickBot"
"2021-02-02 10:01:00","201.184.190.59","449","online","2021-03-24","TrickBot"
"2021-02-02 10:01:02","179.191.108.58","449","online","2021-03-24","TrickBot"
"2021-02-02 10:28:05","176.62.180.164","447","online","2021-03-24","TrickBot"
"2021-02-02 11:46:14","194.5.249.93","447","online","2021-03-24","TrickBot"
"2021-02-02 12:02:44","200.142.124.146","447","online","2021-03-24","TrickBot"
"2021-02-02 15:13:34","181.211.103.254","447","online","2021-03-24","TrickBot"
"2021-02-02 15:31:39","103.89.252.130","447","online","2021-03-24","TrickBot"
"2021-02-02 17:19:09","201.59.167.66","447","online","2021-03-24","TrickBot"
"2021-02-02 17:27:12","77.220.64.133","443","online","2021-03-24","Dridex"
"2021-02-02 17:27:12","212.129.24.85","34443","online","2021-03-24","Dridex"
"2021-02-02 17:27:13","192.241.175.242","691","online","2021-03-24","Dridex"
"2021-02-02 17:27:13","62.14.242.133","8443","online","2021-03-24","Dridex"
"2021-02-02 18:48:07","45.234.248.154","447","online","2021-03-24","TrickBot"
"2021-02-02 20:03:38","45.201.134.202","447","online","2021-03-24","TrickBot"
"2021-02-02 22:27:56","103.94.7.43","447","online","2021-03-24","TrickBot"
"2021-02-03 04:58:41","46.252.38.244","447","online","2021-03-24","TrickBot"
"2021-02-03 07:16:28","178.254.40.33","3389","online","2021-03-24","Dridex"
"2021-02-03 07:26:33","185.4.132.226","4664","online","2021-03-24","Dridex"
"2021-02-03 16:32:34","92.60.235.135","447","online","2021-03-24","TrickBot"
"2021-02-03 16:34:01","159.224.167.102","447","online","2021-03-24","TrickBot"
"2021-02-03 16:42:58","95.210.118.90","443","online","2021-03-24","TrickBot"
"2021-02-03 18:47:13","77.81.247.140","5037","online","2021-03-24","Dridex"
"2021-02-03 18:47:14","77.220.64.149","443","online","2021-03-24","Dridex"
"2021-02-04 17:18:22","45.234.248.146","447","online","2021-03-24","TrickBot"
"2021-02-04 21:13:24","5.189.157.183","4646","online","2021-03-24","Dridex"
"2021-02-04 21:13:24","165.227.155.13","3308","online","2021-03-24","Dridex"
"2021-02-08 12:27:29","128.199.59.13","8172","online","2021-03-24","Dridex"
"2021-02-08 12:27:30","178.128.83.165","443","online","2021-03-24","Dridex"
"2021-02-10 01:25:12","94.158.245.54","443","online","2021-03-24","TrickBot"
"2021-02-10 01:26:34","45.83.129.224","443","online","2021-03-24","TrickBot"
"2021-02-10 01:27:46","195.123.241.195","443","online","2021-03-24","TrickBot"
"2021-02-10 01:28:31","108.170.20.72","443","online","2021-03-24","TrickBot"
"2021-02-10 01:28:32","134.119.186.201","443","online","2021-03-24","TrickBot"
"2021-02-10 01:43:42","134.119.186.200","443","online","2021-03-24","TrickBot"
"2021-02-10 11:18:24","108.170.20.75","443","online","2021-03-24","TrickBot"
"2021-02-10 11:18:46","94.140.114.136","443","online","2021-03-24","TrickBot"
"2021-02-10 11:33:47","172.83.155.215","443","online","2021-03-24","TrickBot"
"2021-02-10 13:31:36","212.227.53.240","5037","online","2021-03-24","Dridex"
"2021-02-10 13:31:36","77.220.64.132","443","online","2021-03-24","Dridex"
"2021-02-10 13:31:59","192.241.174.45","8172","online","2021-03-24","Dridex"
"2021-02-10 13:34:56","193.8.194.96","443","online","2021-03-24","TrickBot"
"2021-02-10 13:34:57","185.163.45.138","443","online","2021-03-24","TrickBot"
"2021-02-10 13:34:57","45.155.173.242","443","online","2021-03-24","TrickBot"
"2021-02-10 16:14:03","173.203.78.138","443","online","2021-03-24","Dridex"
"2021-02-10 16:14:03","217.160.107.189","6601","online","2021-03-24","Dridex"
"2021-02-10 16:14:03","77.220.64.150","5037","online","2021-03-24","Dridex"
"2021-02-10 18:05:05","142.202.191.164","443","online","2021-03-24","TrickBot"
"2021-02-11 18:40:53","173.255.246.77","691","online","2021-03-24","Dridex"
"2021-02-14 01:21:54","185.216.27.185","8172","online","2021-03-24","Dridex"
"2021-02-16 19:26:32","185.234.72.84","443","online","2021-03-24","TrickBot"
"2021-02-17 15:50:49","198.1.115.153","8172","online","2021-03-24","Dridex"
"2021-02-17 15:50:49","209.20.87.138","443","online","2021-03-24","Dridex"
"2021-02-17 15:52:34","151.236.29.248","6516","online","2021-03-24","Dridex"
"2021-02-19 18:02:21","181.196.245.54","447","online","2021-03-24","TrickBot"
"2021-02-22 16:57:59","162.13.114.59","443","online","2021-03-24","Dridex"
"2021-02-22 16:57:59","37.187.115.122","6601","online","2021-03-24","Dridex"
"2021-02-22 16:58:00","70.39.99.196","8172","online","2021-03-24","Dridex"
"2021-02-22 17:42:25","178.54.230.164","443","online","2021-03-24","TrickBot"
"2021-02-22 18:32:50","103.76.20.226","443","online","2021-03-24","TrickBot"
"2021-02-22 20:42:44","80.78.75.246","443","online","2021-03-24","TrickBot"
"2021-02-22 23:30:54","154.79.252.132","449","online","2021-03-24","TrickBot"
"2021-02-23 11:15:18","5.182.210.132","443","online","2021-03-24","TrickBot"
"2021-02-23 20:23:57","80.78.77.116","449","online","2021-03-24","TrickBot"
"2021-02-23 20:23:58","168.232.188.88","449","online","2021-03-24","TrickBot"
"2021-02-23 20:23:58","173.81.4.147","449","online","2021-03-24","TrickBot"
"2021-02-23 20:24:00","202.142.151.190","449","online","2021-03-24","TrickBot"
"2021-02-23 20:24:02","37.235.230.123","449","online","2021-03-24","TrickBot"
"2021-02-23 20:24:02","186.195.199.238","449","online","2021-03-24","TrickBot"
"2021-02-23 20:24:03","177.47.88.62","443","online","2021-03-24","TrickBot"
"2021-02-23 20:24:03","36.92.93.5","449","online","2021-03-24","TrickBot"
"2021-02-23 20:24:04","103.146.2.152","449","online","2021-03-24","TrickBot"
"2021-02-23 20:24:05","182.48.66.106","443","online","2021-03-24","TrickBot"
"2021-02-23 20:24:06","36.94.202.131","443","online","2021-03-24","TrickBot"
"2021-02-23 20:24:07","179.60.243.52","443","online","2021-03-24","TrickBot"
"2021-02-24 09:02:23","103.146.185.107","447","online","2021-03-24","TrickBot"
"2021-02-24 14:45:41","209.151.236.42","443","online","2021-03-24","Dridex"
"2021-02-24 14:46:02","91.121.94.86","8172","online","2021-03-24","Dridex"
"2021-02-24 15:00:14","5.189.144.136","6516","online","2021-03-24","Dridex"
"2021-02-24 17:12:23","131.72.153.198","447","online","2021-03-24","TrickBot"
"2021-02-24 17:18:49","131.255.106.152","449","online","2021-03-24","TrickBot"
"2021-02-24 17:18:51","37.112.60.123","447","online","2021-03-24","TrickBot"
"2021-02-24 18:44:07","202.91.41.138","449","online","2021-03-24","TrickBot"
"2021-02-25 09:54:08","122.2.28.70","449","online","2021-03-24","TrickBot"
"2021-02-25 09:54:09","103.225.138.94","449","online","2021-03-24","TrickBot"
"2021-02-25 17:48:43","123.231.149.123","447","online","2021-03-24","TrickBot"
"2021-02-26 03:11:30","190.119.167.154","447","online","2021-03-24","TrickBot"
"2021-02-26 04:34:35","47.103.145.214","443","online","2021-03-24","Dridex"
"2021-02-26 18:32:26","117.210.210.179","447","online","2021-03-24","TrickBot"
"2021-02-26 18:41:38","200.195.233.10","447","online","2021-03-24","TrickBot"
"2021-02-26 18:42:37","170.82.4.158","447","online","2021-03-24","TrickBot"
"2021-02-26 21:02:42","37.29.124.94","447","online","2021-03-24","TrickBot"
"2021-02-26 22:22:33","103.239.165.24","447","online","2021-03-24","TrickBot"
"2021-02-28 22:01:04","103.146.2.152","447","online","2021-03-24","TrickBot"
"2021-03-01 14:00:25","103.54.42.218","447","online","2021-03-24","TrickBot"
"2021-03-01 14:20:26","85.25.134.43","8172","online","2021-03-24","Dridex"
"2021-03-01 14:20:27","77.220.64.146","443","online","2021-03-24","Dridex"
"2021-03-01 14:20:27","213.208.134.178","6516","online","2021-03-24","Dridex"
"2021-03-01 17:54:31","50.243.30.51","6601","online","2021-03-24","Dridex"
"2021-03-01 17:54:31","37.247.35.132","443","online","2021-03-24","Dridex"
"2021-03-01 17:55:01","162.241.204.234","6516","online","2021-03-24","Dridex"
"2021-03-01 21:11:38","121.199.35.69","443","online","2021-03-24","Dridex"
"2021-03-02 08:01:08","185.97.135.164","447","online","2021-03-24","TrickBot"
"2021-03-02 17:58:10","85.88.174.94","447","online","2021-03-24","TrickBot"
"2021-03-03 06:08:38","203.160.59.14","447","online","2021-03-24","TrickBot"
"2021-03-03 07:12:11","36.66.111.251","447","online","2021-03-24","TrickBot"
"2021-03-03 15:18:25","216.10.242.142","6601","online","2021-03-24","Dridex"
"2021-03-03 15:18:28","37.247.35.137","6601","online","2021-03-24","Dridex"
"2021-03-03 15:18:29","116.251.211.158","443","online","2021-03-24","Dridex"
"2021-03-04 03:09:22","103.73.102.174","447","online","2021-03-24","TrickBot"
"2021-03-05 04:29:08","114.34.226.52","447","online","2021-03-24","TrickBot"
"2021-03-05 21:29:01","111.235.66.83","447","online","2021-03-24","TrickBot"
"2021-03-07 20:14:20","210.65.244.186","6601","online","2021-03-24","Dridex"
"2021-03-07 23:49:28","62.64.9.237","447","online","2021-03-24","TrickBot"
"2021-03-08 06:32:04","190.152.71.230","447","online","2021-03-24","TrickBot"
"2021-03-08 06:39:25","94.74.133.76","447","online","2021-03-24","TrickBot"
"2021-03-08 15:06:37","181.191.67.186","447","online","2021-03-24","TrickBot"
"2021-03-08 16:38:37","77.220.64.135","443","online","2021-03-24","Dridex"
"2021-03-08 16:38:38","107.180.90.10","6601","online","2021-03-24","Dridex"
"2021-03-08 16:38:39","31.24.158.56","7275","online","2021-03-24","Dridex"
"2021-03-09 22:17:15","167.179.194.205","447","online","2021-03-24","TrickBot"
"2021-03-09 22:31:04","79.106.115.103","447","online","2021-03-24","TrickBot"
"2021-03-10 13:58:47","178.33.183.53","7443","online","2021-03-24","Dridex"
"2021-03-10 13:58:48","210.65.244.166","443","online","2021-03-24","Dridex"
"2021-03-10 13:58:48","157.7.139.198","6601","online","2021-03-24","Dridex"
"2021-03-10 15:58:44","144.76.42.74","6601","online","2021-03-24","Dridex"
"2021-03-10 15:58:46","41.76.108.46","8172","online","2021-03-24","Dridex"
"2021-03-10 15:58:48","195.154.221.186","443","online","2021-03-24","Dridex"
"2021-03-11 20:37:02","153.126.203.229","6601","online","2021-03-24","Dridex"
"2021-03-14 10:40:47","195.210.28.233","6601","online","2021-03-24","Dridex"
"2021-03-15 12:14:25","91.235.129.199","443","online","2021-03-24","TrickBot"
"2021-03-15 12:28:46","62.75.168.152","6601","online","2021-03-24","Dridex"
"2021-03-15 12:28:46","147.78.186.4","10051","online","2021-03-24","Dridex"
"2021-03-15 12:28:47","210.65.244.184","443","online","2021-03-24","Dridex"
"2021-03-15 21:00:20","174.105.233.82","449","online","2021-03-24","TrickBot"
"2021-03-15 23:14:26","45.164.80.94","447","online","2021-03-24","TrickBot"
"2021-03-17 17:38:46","77.220.64.137","443","online","2021-03-24","Dridex"
"2021-03-17 17:38:49","199.204.214.26","7073","online","2021-03-24","Dridex"
"2021-03-20 00:25:18","95.140.127.82","447","online","2021-03-24","TrickBot"
"2021-03-21 21:26:44","5.182.210.254","443","online","2021-03-24","TrickBot"
"2021-03-22 01:22:20","219.91.189.17","447","online","2021-03-24","TrickBot"
"2021-03-22 12:53:59","37.247.35.130","6601","online","2021-03-24","Dridex"
"2021-03-22 12:53:59","103.18.108.116","6601","online","2021-03-24","Dridex"
"2021-03-22 23:34:48","36.91.107.247","447","online","2021-03-24","TrickBot"
"2021-03-23 02:34:16","12.158.156.51","447","online","2021-03-24","TrickBot"
"2021-03-23 04:06:04","49.231.17.146","447","online","2021-03-24","TrickBot"
"2021-03-23 14:15:14","216.177.161.118","447","online","2021-03-24","TrickBot"
"2021-03-23 14:16:39","72.133.71.61","447","online","2021-03-24","TrickBot"
"2021-03-23 18:14:24","103.26.251.214","447","online","2021-03-24","TrickBot"
"2021-03-23 18:46:59","98.6.170.206","447","online","2021-03-24","TrickBot"
"2021-03-23 22:51:46","102.67.74.24","447","online","2021-03-24","TrickBot"
"2021-03-24 01:46:46","5.2.158.159","447","online","2021-03-24","TrickBot"
"2021-03-24 02:26:24","92.245.172.211","447","online","2021-03-24","TrickBot"
"2021-03-24 02:56:54","176.115.19.84","447","online","2021-03-24","TrickBot"
"2021-03-24 03:47:21","76.84.51.10","447","online","2021-03-24","TrickBot"
# END 489 entries
